PDB_ChainID,Pos,Res,SASA,PDBFile
A,15,LYS,228.23234575269527,eg5_3wpn.pdb
A,17,LYS,127.86900365544685,eg5_3wpn.pdb
A,34,LYS,174.77410038052713,eg5_3wpn.pdb
A,48,LYS,92.22993464629307,eg5_3wpn.pdb
A,60,LYS,110.16732285767674,eg5_3wpn.pdb
A,64,LYS,84.09823622174125,eg5_3wpn.pdb
A,77,LYS,136.57005919979406,eg5_3wpn.pdb
A,146,LYS,64.75999927975128,eg5_3wpn.pdb
A,157,LYS,79.67707288034433,eg5_3wpn.pdb
A,191,LYS,172.48738535346158,eg5_3wpn.pdb
A,197,LYS,81.14001204815618,eg5_3wpn.pdb
A,207,LYS,85.92539907543969,eg5_3wpn.pdb
A,216,LYS,156.24269983020272,eg5_3wpn.pdb
A,220,LYS,27.846071971770776,eg5_3wpn.pdb
A,246,LYS,73.89508469874785,eg5_3wpn.pdb
A,257,LYS,37.548805484159175,eg5_3wpn.pdb
A,260,LYS,65.13872455732687,eg5_3wpn.pdb
A,315,LYS,48.73489851660775,eg5_3wpn.pdb
A,357,LYS,52.13393840497392,eg5_3wpn.pdb
A,362,LYS,123.51762137007147,eg5_3wpn.pdb
A,368,LYS,151.06159779227303,eg5_3wpn.pdb
